{"accuracy": 0.8806, "precision": 0.8839182440938249, "recall": 0.8805999999999999, "f1": 0.8812719490575637}